Taxpayer ID,Company ID,Director Role
TXP_D0D629179C,COMP_5ABA200A,Director
TXP_85617BF19A,COMP_7D3C8D09,Director
TXP_C4F22E8E09,COMP_EA7DA118,Non-Executive Director
TXP_5F4D7D1691,COMP_8E35136C,Director
TXP_E7EB05D979,COMP_204B2DC7,Director
TXP_C5386179E5,COMP_6F686D02,Non-Executive Director
TXP_9CEE0F6815,COMP_6C6BED48,CEO
TXP_FFE76510AD,COMP_77DCD6A9,Director
TXP_507E704588,COMP_753B574C,Director
TXP_334B2394AB,COMP_C771909C,Director
TXP_F77CA33AD0,COMP_2E782946,Non-Executive Director
TXP_2CC6E3F25A,COMP_48197C6F,Director
TXP_DDBC8ED5FD,COMP_896B52EA,Director
TXP_BC42D36A84,COMP_C84E5285,Director
TXP_3082F0A5AD,COMP_4A41ED51,Secretary
TXP_1C21259B16,COMP_8082B4CB,Director
TXP_C558932593,COMP_0D22032B,CEO
TXP_49945D12CF,COMP_DFD0FF66,Director
TXP_216CC28347,COMP_6ACB0778,Non-Executive Director
TXP_6879250A98,COMP_C7D13B35,CFO
TXP_AC30912673,COMP_E5FC0944,CFO
TXP_855F3319E8,COMP_7E88101A,Director
TXP_1FA377174B,COMP_96F017F7,Director
TXP_5AB28B260D,COMP_2AD319DB,CFO
TXP_90A2EF7F23,COMP_6FFE8C43,Director
TXP_C8A408390C,COMP_94A70B98,CFO
TXP_4A401CD57E,COMP_CCE99F6E,Secretary
TXP_B2A3D5C4E2,COMP_CD6C7A2D,CFO
TXP_5F4D7D1691,COMP_1ABD876B,Non-Executive Director
TXP_38964BB583,COMP_2166F2BE,CFO
TXP_BF76B8BF38,COMP_106F7778,Director
TXP_93769E032F,COMP_39631FB2,Director
TXP_79CD57B830,COMP_337E90AF,Director
TXP_0E26666DB2,COMP_E6CCD7AD,Director
TXP_B32FFE19E6,COMP_BA50A54E,Director
TXP_CC79AE920D,COMP_6A9A81F7,CEO
TXP_74B3E56EDD,COMP_2A489372,Non-Executive Director
TXP_093F050020,COMP_2BB650C0,Secretary
TXP_40544E6459,COMP_E279D1B7,Director
TXP_B454BCABF6,COMP_1422847D,CFO
TXP_39AAE871D1,COMP_AF4D87EC,Director
TXP_5AB28B260D,COMP_C8D347AA,Director
TXP_6ABB7852E3,COMP_FA3713B9,Secretary
TXP_8682BE943D,COMP_75D0F2CF,CEO
TXP_B3810CF6D8,COMP_FB64BBA0,Director
TXP_D5CB539ECE,COMP_75021014,Non-Executive Director
TXP_B06A2863F9,COMP_4892BAA6,Director
TXP_D9B60EC37A,COMP_8D302AAE,Director
TXP_86A57BF5F0,COMP_5C331962,CEO
TXP_21AB421CE8,COMP_636D7F6B,Secretary
TXP_5271E154B6,COMP_D8F69D9A,Director
TXP_2F3012DA0E,COMP_6BE9D8DC,Director
TXP_FFF28D73F0,COMP_106F7778,Director
TXP_FBD2FCAF92,COMP_1210A502,Non-Executive Director
TXP_4DECE0B45E,COMP_B6E1CB4F,CFO
TXP_5AA28ADA4A,COMP_28164AE0,Secretary
TXP_7451EDECC7,COMP_04973AA9,Non-Executive Director
TXP_B2A3D5C4E2,COMP_4892BAA6,Director
TXP_AC3478D1CE,COMP_8C653AF4,CFO
TXP_0E3335993B,COMP_1ACEF80C,Director
TXP_6AA0ABACF5,COMP_816208DE,Director
TXP_A6ADD0CC00,COMP_7F4D5A59,Director
TXP_7B46F82BB6,COMP_0E92C2FA,Director
TXP_1AA06F0BC9,COMP_1AC3AAC8,CFO
TXP_759E83A27C,COMP_EE4E1918,
TXP_71BFBEEFB3,COMP_73A4B1D0,Non-Executive Director
TXP_7F57927D88,COMP_69ACF4AA,Director
TXP_16FA81E6B9,COMP_F8BE46A6,Director
TXP_79746DE751,COMP_58050D5C,Secretary
TXP_56C756164D,COMP_689F5D21,CEO
TXP_0F717840EF,COMP_6C7F0829,Director
TXP_EBBB725C77,COMP_F4BB1AB5,Secretary
TXP_C9C9A0B5A4,COMP_69E1E9C8,CFO
TXP_0CCA0D850E,COMP_20D69A42,CFO
TXP_2754D7F17E,COMP_D73CB8FA,
TXP_23D25E9A75,COMP_7B675263,Director
TXP_9195EA8E08,COMP_B3725A44,Secretary
TXP_6BABBD7422,COMP_AC9D2E20,Non-Executive Director
TXP_552BAAB60A,COMP_F7B63408,Director
TXP_1CA4D5BEBD,COMP_3BCDFE48,Director
TXP_C5386179E5,COMP_C49FA50F,Non-Executive Director
TXP_5271E154B6,COMP_FE1699E1,Director
TXP_68C770D97D,COMP_37A1474C,Director
TXP_A83D728058,COMP_6952C95E,Non-Executive Director
TXP_6D05DE1487,COMP_C2163189,Non-Executive Director
TXP_79746DE751,COMP_2E7E2224,Director
TXP_A7DFF0C9CE,COMP_5599A39A,CEO
TXP_ABFAD7D904,COMP_E03AA0E2,Director
TXP_E7DF0D5F7B,COMP_70350F87,Director
TXP_E0F101BD08,COMP_34AC8B6E,CFO
TXP_FE3B3AC0E5,COMP_A991CBC4,Director
TXP_DDBC8ED5FD,COMP_8A12882C,Director
TXP_F77CA33AD0,COMP_9377C3E9,Director
TXP_84A07B8C52,COMP_457E38C1,Director
TXP_578727C71C,COMP_80A72778,Director
TXP_3F7AFD83E9,COMP_F319373E,CFO
TXP_0E26666DB2,COMP_DD2873A9,Director
TXP_27D26ED398,COMP_6F7F30F8,Director
TXP_88E2CC2B6B,COMP_67E59F1C,
TXP_62EFF3D82C,COMP_B4E0B0BA,Director
TXP_253A5328C8,COMP_5ABA200A,Secretary
TXP_8F0B1A409E,COMP_F2551DAB,Director
TXP_B454BCABF6,COMP_6B07EAF0,CFO
TXP_FA08DF35DC,COMP_F5B3EC7D,Director
TXP_C0241B433F,COMP_C7EEF929,Non-Executive Director
TXP_29C6518463,COMP_D06C3FF2,CEO
TXP_C8A408390C,COMP_1905301A,Director
TXP_EB6D76A5B4,COMP_5A2A5868,CEO
TXP_EDFCDA8AEA,COMP_E2FB9E6E,Secretary
TXP_C5DF110008,COMP_4D250E46,CFO
TXP_D50E0D2C8B,COMP_8CDD12B7,CFO
TXP_98E5F3A9E3,COMP_FF9E339C,Director
TXP_CCAD5C5D8C,COMP_71C3AA7F,Non-Executive Director
TXP_705C45CCE3,COMP_EE46BE7E,CFO
TXP_3ED396BBB9,COMP_6ABB8D63,Director
TXP_AA0A084D5B,COMP_AE8494AE,Non-Executive Director
TXP_0859E0C3E3,COMP_2C842D5D,Director
TXP_CE453E23D8,COMP_1E004627,Secretary
TXP_E9E8C51D81,COMP_12F004AD,Secretary
TXP_2C2C38F8F7,COMP_8A12882C,Secretary
TXP_3AA31B527C,COMP_9FC0866C,CFO
TXP_E7BC983EE1,COMP_267E861B,Director
TXP_D4D54AC7B8,COMP_6C01EB9E,Non-Executive Director
TXP_83F4F90C03,COMP_A653E043,Director
TXP_034C33E896,COMP_55BC1754,CFO
TXP_49945D12CF,COMP_1A6BCBDE,CFO
TXP_2FFB70B582,COMP_8B836617,CFO
TXP_578727C71C,COMP_03042757,CFO
TXP_9C44089989,COMP_D1BAE080,CEO
TXP_FA08DF35DC,COMP_63182479,CFO
TXP_7451EDECC7,COMP_3D7491F2,Director
TXP_1C21259B16,COMP_DCEFEC97,Director
TXP_1ACB888281,COMP_60110CE1,CEO
TXP_169DCEDEC6,COMP_0C32D3E8,Secretary
TXP_46673694D5,COMP_B294E307,CEO
TXP_FCD38581F3,COMP_3279BCB4,Secretary
TXP_3F7AFD83E9,COMP_E6CCD7AD,Director
TXP_19D82C7811,COMP_73595831,CFO
TXP_85617BF19A,COMP_DF3F9D5B,Secretary
TXP_AF326CC01B,COMP_CD77F9EC,Non-Executive Director
TXP_3136400D50,COMP_73793733,Non-Executive Director
TXP_8E7AF3358B,COMP_9B00D3B0,Non-Executive Director
TXP_82CF1C089B,COMP_3FF1C979,Director
TXP_51635D6CC2,COMP_0B9BDC71,CEO
TXP_16FA81E6B9,COMP_DB49E9DB,CFO
TXP_2FFB70B582,COMP_FD5324EA,
TXP_EE8CCC6477,COMP_8EBB560E,Director
TXP_9884F96AE1,COMP_FBE2C75C,Director
TXP_E094D72908,COMP_E279D1B7,Secretary
TXP_134C625FE2,COMP_A76D6A23,CEO
TXP_478B9F0D2A,COMP_BB082EEB,Director
TXP_C0AA9394A3,COMP_B5F87AE9,Director
TXP_6A35BB9134,COMP_85862C0D,CEO
TXP_23D25E9A75,COMP_27601B67,Director
TXP_E6EB7D9D58,COMP_BE993942,Director
TXP_51635D6CC2,COMP_9DF387DD,Director
TXP_ACFE1AE96B,COMP_B3A0F7F7,CFO
TXP_BDFA01FFE8,COMP_489488CE,Director
TXP_8F667D6355,COMP_7F073100,Director
TXP_278CAA31CA,COMP_EF69041D,CFO
TXP_BF4DAEADE8,COMP_8EBB560E,Director
TXP_B3C7FD67A2,COMP_4A3D285F,Secretary
TXP_7BC3D562F7,COMP_6C046EB8,Director
TXP_BD33F7F4A5,COMP_60484E7C,Secretary
TXP_AC6104CF2B,COMP_B283E6A6,Director
TXP_6AA0ABACF5,COMP_1E004627,Non-Executive Director
TXP_2AB25D6C8F,COMP_71DB465B,Director
TXP_CB0E276E74,COMP_CD6C7A2D,Secretary
TXP_1A6D89F56F,COMP_7A29FEF4,Secretary
TXP_50E9D1A775,COMP_3B3D3431,CFO
TXP_D3C4BEFEDC,COMP_B7E148B9,Director
TXP_334B2394AB,COMP_85862C0D,Secretary
TXP_13D2EB91DB,COMP_C2AF3D72,CFO
TXP_8682BE943D,COMP_6F270F94,Director
TXP_D9B60EC37A,COMP_D8F69D9A,Director
TXP_C0A3C3AD7E,COMP_0F1BE9DA,Secretary
TXP_79CD57B830,COMP_1AA8711D,Director
TXP_8E02553224,COMP_DA7A029E,Director
TXP_6A35BB9134,COMP_FAF0DC63,Non-Executive Director
TXP_153D9D90F7,COMP_1A170191,CFO
TXP_993E2AC453,COMP_75D0F2CF,Director
TXP_2943F4DF3E,COMP_4980F126,Director
TXP_B56662138B,COMP_6FE9A151,Director
TXP_FDE441C6B4,COMP_559D8568,CEO
TXP_AC3478D1CE,COMP_47DCA7BF,Director
TXP_4D8B433844,COMP_6EFF1BA3,Director
TXP_11484A22F3,COMP_40B9A388,CFO
TXP_CC1CC124AC,COMP_BEEF9091,Non-Executive Director
TXP_AC6867F6F2,COMP_039C0137,CEO
TXP_E4EE19A551,COMP_7209AD37,Director
TXP_51635D6CC2,COMP_0C2E0B4E,Director
TXP_F3AF27F473,COMP_B0F27782,CFO
TXP_D40D195391,COMP_458B9079,CFO
TXP_64A3BAAC87,COMP_B04F5F6F,Non-Executive Director
TXP_BF76B8BF38,COMP_C03FFF83,CFO
TXP_6BFE556D2A,COMP_F5B3EC7D,CEO
TXP_A4C0D6580D,COMP_7E94EB17,Non-Executive Director
TXP_6AA0ABACF5,COMP_896B52EA,CFO
TXP_D50E0D2C8B,COMP_3FF1C979,Director
TXP_BE5C7AE4F5,COMP_A9AA3143,CEO
TXP_B3810CF6D8,COMP_7C349D59,Director
TXP_EAA1E28F6C,COMP_469C8E16,Director
TXP_60432FC895,COMP_6713C266,Secretary
TXP_65081352AE,COMP_680640BB,CFO
TXP_578727C71C,COMP_74C83C3F,Director
TXP_370CCFFB9A,COMP_E5A431E0,Non-Executive Director
TXP_9E5BCCFEBB,COMP_CE4B7507,Secretary
TXP_DE7EFDCB67,COMP_FC563545,Director
TXP_6879250A98,COMP_69ACF4AA,Director
TXP_BBB808EB4C,COMP_31B915B6,Director
TXP_D5FB71A6F1,COMP_9E2F3290,Director
TXP_ADAD08E049,COMP_16674D43,Secretary
TXP_1C78AF4023,COMP_ED2CE596,Director
TXP_8AECC062E4,COMP_5C9D7912,CEO
TXP_756D15AD11,COMP_0F18AFD1,Non-Executive Director
TXP_BF470ECB7E,COMP_9E2E697F,
TXP_0A8C44E779,COMP_8AEC5FE1,Non-Executive Director
TXP_A1B693687E,COMP_B78BD8EB,Director
TXP_CC36D041DA,COMP_C1366C9C,Director
TXP_7617C7CD6C,COMP_79C66868,Director
TXP_90D93B08A9,COMP_606943B4,Director
TXP_E094D72908,COMP_1FBCDEC8,Director
TXP_A16D34AF04,COMP_D98DBF6E,Non-Executive Director
TXP_73297536E9,COMP_8C3127B5,CEO
TXP_1C21259B16,COMP_CE0C500F,Director
TXP_EA6FF5682B,COMP_B6E1CB4F,Director
TXP_0247001FB7,COMP_C1999C4D,CEO
TXP_6F29AD0480,COMP_115D57E7,Secretary
TXP_33A92C1C90,COMP_6545856A,Director
TXP_BE5C7AE4F5,COMP_496E5741,Director
TXP_43E4DB8A6E,COMP_73595831,Director
TXP_1FA377174B,COMP_F3D709A2,Director
TXP_5AD057B749,COMP_65B0CB42,CFO
TXP_54280C992B,COMP_CA984BED,Non-Executive Director
TXP_2F3DCF765A,COMP_18BE55E8,CEO
TXP_0A2326DC9E,COMP_469C8E16,CEO
TXP_0DD65B200F,COMP_64C5D931,Director
TXP_D4C7EA12DC,COMP_BE993942,Director
TXP_F3AF27F473,COMP_518E9989,CFO
TXP_6A1F482912,COMP_BEEF9091,Director
TXP_CAA0F3AA6C,COMP_6F7F30F8,Director
TXP_95F7AD03D8,COMP_CE5A8049,Director
TXP_6A35BB9134,COMP_5D51A6E4,Non-Executive Director
TXP_164FD23A99,COMP_9E2F3290,Director
TXP_E912BD583D,COMP_C771909C,Director
TXP_93769E032F,COMP_00D31C67,Director
TXP_E95EED022D,COMP_B58917F5,Director
TXP_05C91729A0,COMP_7A3A0801,Director
TXP_0F94B75CA6,COMP_77DCD6A9,Director
TXP_B3810CF6D8,COMP_F89ECC8F,Director
TXP_AF561084E0,COMP_72FEA10B,Non-Executive Director
TXP_CBB8556C1D,COMP_05078B67,CFO
TXP_A493F31D4E,COMP_5301F4FE,CEO
TXP_4C36475B92,COMP_559D8568,CEO
TXP_89CB4B4B50,COMP_D0EEE2CA,Secretary
TXP_EEEC359FE1,COMP_458B9079,CFO
TXP_41672C8917,COMP_FE1699E1,CFO
TXP_433D68BACD,COMP_6EC89907,Secretary
TXP_0A8C44E779,COMP_D6E03A6D,Secretary
TXP_AA0A084D5B,COMP_CE5A8049,Director
TXP_49945D12CF,COMP_544993F4,Director
TXP_05787A3D07,COMP_F5B3EC7D,Director
TXP_311B65B742,COMP_1A170191,Secretary
TXP_0E72B90159,COMP_202E2A3B,Director
TXP_51C645C125,COMP_2FB17080,CEO
TXP_E7BC983EE1,COMP_0666CCA3,Director
TXP_6D99D730B9,COMP_EA7DA118,Director
TXP_65081352AE,COMP_E6806D47,Director
TXP_5AB28B260D,COMP_F1F2322B,Secretary
TXP_6ABB7852E3,COMP_3ED875BE,Director
TXP_D0D629179C,COMP_BAE5680A,Director
TXP_C186C7C63C,COMP_9CCE51F0,Secretary
TXP_44A98C8110,COMP_AE3CED74,CEO
TXP_7CE3930209,COMP_F6F9812A,Non-Executive Director
TXP_B960EB8015,COMP_1AC3AAC8,Non-Executive Director
TXP_9E8E76965A,COMP_DC915254,Secretary
TXP_B06A2863F9,COMP_0AD2F444,Secretary
TXP_7CE3930209,COMP_02635260,
TXP_B5DF378C27,COMP_458B9079,Director
TXP_67B4C3D1F1,COMP_16BE42AB,CFO
TXP_3136400D50,COMP_381EC9CC,CFO
TXP_C148A39AC6,COMP_092B11AC,Non-Executive Director
TXP_24B024A1B1,COMP_1B7BB17E,Non-Executive Director
TXP_278CAA31CA,COMP_0E92C2FA,Director
TXP_0E4432DA83,COMP_53F3C16F,Non-Executive Director
TXP_50E28F6F36,COMP_35C4D565,Director
TXP_E86BB2FE85,COMP_E8B87D00,Director
TXP_E95EED022D,COMP_2DBAD91C,Director
TXP_772C3AC7FE,COMP_620D1C67,Non-Executive Director
TXP_97A47F2D02,COMP_029C219D,Director
TXP_A4CAC630B9,COMP_3FC8F81A,Director
TXP_6315C02AC5,COMP_2EA79317,Secretary
TXP_2D4E21F5CB,COMP_11F14C51,CEO
TXP_32E8D042FA,COMP_C03FFF83,CEO
TXP_6ABB7852E3,COMP_E83DDCAD,Director
TXP_F3D4F557A1,COMP_BC2121CC,Secretary
TXP_346D5DC03D,COMP_C20E3E5C,CEO
TXP_AEB12EC68B,COMP_972F5AB2,CFO
TXP_C06173AA49,COMP_3ED875BE,Director
TXP_C9776677BD,COMP_BF764DFC,Director
TXP_79816AA548,COMP_33BF433F,CFO
TXP_B308976CF1,COMP_D68A50F5,Director
TXP_B960EB8015,COMP_202E2A3B,Secretary
TXP_56089E3821,COMP_0F1BE9DA,CFO
TXP_AF592FD1FB,COMP_E023956E,Secretary
TXP_334B2394AB,COMP_96F017F7,Non-Executive Director
TXP_83996F0D31,COMP_A7D44951,Director
TXP_370CCFFB9A,COMP_980ACE55,Director
TXP_BFF88749C9,COMP_D7DF2F25,Non-Executive Director
TXP_04E7992583,COMP_45D418E4,Secretary
TXP_E7DF0D5F7B,COMP_4A41ED51,Director
TXP_B4A781CB06,COMP_9702E025,Director
TXP_901CA9AF94,COMP_1D5C7C4E,Director
TXP_89CB4B4B50,COMP_F858156D,Non-Executive Director
TXP_B8332A5B90,COMP_75D0F2CF,Non-Executive Director
TXP_BF470ECB7E,COMP_1AC3AAC8,Director
TXP_A1921B2D43,COMP_61E9CD51,Director
TXP_EEEC359FE1,COMP_94A70B98,Secretary
TXP_89F61698D7,COMP_FCEB2E38,Director
TXP_64A3BAAC87,COMP_11765CF8,Director
TXP_6A1F482912,COMP_F7D43EC9,Director
TXP_B5DF378C27,COMP_F237757B,CEO
TXP_3BD288B1B6,COMP_14A1B9CC,Director
TXP_C679EFB56E,COMP_B26FC859,Non-Executive Director
TXP_ECAD28F078,COMP_947272FE,Director
TXP_10E710DCF0,COMP_EEB82D51,Director
TXP_B223CD19D7,COMP_2E694B03,Non-Executive Director
TXP_055C5A1B98,COMP_09ABB43D,Director
TXP_253A5328C8,COMP_FCEB2E38,CFO
TXP_E48F31D948,COMP_194E191F,
TXP_E26797B63D,COMP_D5840912,CEO
TXP_2709A9D6C5,COMP_778F0875,Non-Executive Director
TXP_EB58EBC840,COMP_7A3A0801,Director
TXP_E775A1E009,COMP_060EE990,Non-Executive Director
TXP_B4A781CB06,COMP_F5F0F2D6,Director
TXP_CBB8556C1D,COMP_B78BD8EB,Director
TXP_76A731F1DD,COMP_4B173490,Non-Executive Director
TXP_E275C27516,COMP_6ABB8D63,Director
TXP_4E13C535B8,COMP_93575F08,Director
TXP_BEBD6B0C5B,COMP_0CC9BA6A,Non-Executive Director
TXP_05787A3D07,COMP_61B26705,Non-Executive Director
TXP_B32FFE19E6,COMP_DFE4AAF0,CEO
TXP_FF6D2286A5,COMP_28B092D8,Secretary
TXP_5B1F040199,COMP_AF55A368,Director
TXP_7A865B6D0E,COMP_C23558B9,CEO
TXP_D4C7EA12DC,COMP_7F903039,CFO
TXP_8759BE07BD,COMP_E26CAE7A,Secretary
TXP_05C91729A0,COMP_3B427B17,Secretary
TXP_195DF3D539,COMP_E08E7E92,Director
TXP_BE7DE2BDCE,COMP_4AA435C5,CFO
TXP_68F2E40F0D,COMP_8CDD12B7,Director
TXP_B594BCE81D,COMP_F6583A0D,Secretary
TXP_B960EB8015,COMP_A7D44951,Director
TXP_C04AD8BC37,COMP_7B57D8C3,Director
TXP_98E5F3A9E3,COMP_6DDBEC0B,Director
TXP_D9B60EC37A,COMP_8C3127B5,Director
TXP_979781918D,COMP_1CE1D100,Secretary
TXP_7CE3930209,COMP_0C00A3F8,CFO
TXP_CDFD7C242B,COMP_B0F27782,Director
TXP_D120CE4626,COMP_F092B011,Non-Executive Director
TXP_ECE85639A4,COMP_8965CB8D,Secretary
TXP_FFF28D73F0,COMP_644F27AA,Director
TXP_FF6D2286A5,COMP_2218AD99,CFO
TXP_C618436EFD,COMP_CC538142,Director
TXP_3608B357F9,COMP_821E29EF,CFO
TXP_3E9E0E3961,COMP_F7B63408,CFO
TXP_EC840489F7,COMP_6ACEEA32,Director
TXP_4DECE0B45E,COMP_A14EEEC2,CEO
TXP_09FB9BC7CC,COMP_381EC9CC,Non-Executive Director
TXP_5A9E02F49C,COMP_30BBD39D,CEO
TXP_D81097378E,COMP_BEAE66EC,Director
TXP_A70FEE3CEF,COMP_3D7491F2,
TXP_4DECE0B45E,COMP_D5840912,Non-Executive Director
TXP_1AAA6DDE71,COMP_894D6B69,Non-Executive Director
TXP_CAA0F3AA6C,COMP_C1C4439F,Non-Executive Director
TXP_8E02553224,COMP_A003E877,Secretary
TXP_EBBB725C77,COMP_872EA44B,Director
TXP_68D1C29A12,COMP_578892B6,CFO
TXP_DC517C0172,COMP_9DF387DD,Director
TXP_8AB79D1A0B,COMP_4EBE47F4,CEO
TXP_7CE3930209,COMP_FB64BBA0,Director
TXP_191B43068A,COMP_9702E025,CFO
TXP_E31AABED1F,COMP_BECBE009,CEO
TXP_E26797B63D,COMP_C6164288,Director
TXP_EA6FF5682B,COMP_5F6087D7,Secretary
TXP_2984495DEA,COMP_E0E91E52,Director
TXP_793E5DCF35,COMP_11F14C51,Director
TXP_B5DF378C27,COMP_A537FA7B,Director
TXP_0789F7D30D,COMP_489488CE,
TXP_21E30083A3,COMP_6952C95E,CFO
TXP_EDE0B04C3B,COMP_7F4D5A59,Director
TXP_2C930F2B1D,COMP_DB337E04,Director
TXP_9808C4E660,COMP_4623672A,Non-Executive Director
TXP_39AAE871D1,COMP_A5DEB2DD,CFO
TXP_7B46F82BB6,COMP_6ACB0778,Director
TXP_5AB28B260D,COMP_BC476E58,Director
TXP_6FD57CDA62,COMP_0DD8A442,Non-Executive Director
TXP_7BC3D562F7,COMP_815BAD44,CFO
TXP_10E0D38822,COMP_6E37088D,CEO
TXP_B594BCE81D,COMP_B559BDE3,
TXP_B308976CF1,COMP_3542519A,
TXP_3F7AFD83E9,COMP_2B4F9CC9,Secretary
TXP_BDFA01FFE8,COMP_BA474E28,CEO
TXP_AA9366057B,COMP_8F66202F,CEO
TXP_6D05DE1487,COMP_354BF0B9,Director
TXP_F949FDED3D,COMP_610419A2,Director
TXP_523579EAA1,COMP_F26E53D0,Director
TXP_A5CB0CE9C4,COMP_F7D43EC9,Secretary
TXP_89F61698D7,COMP_FCE82698,Secretary
TXP_5271E154B6,COMP_2DE324A4,Director
TXP_05C91729A0,COMP_28164AE0,Director
TXP_A92B2C2C3D,COMP_5DD5EBBA,CFO
TXP_9F730565AC,COMP_8E21A3ED,Director
TXP_A210D41D8E,COMP_B4D08851,Non-Executive Director
TXP_2C300646A2,COMP_5F6087D7,Director
TXP_62EFF3D82C,COMP_FEB964F3,Secretary
TXP_3ED396BBB9,COMP_D86CB088,Director
TXP_A917F83F12,COMP_4A3D285F,Non-Executive Director
TXP_62D2DFD233,COMP_CB7456D2,Non-Executive Director
TXP_093F050020,COMP_ECC61A39,CEO
TXP_AFDF71D820,COMP_C1999C4D,Non-Executive Director
TXP_24B024A1B1,COMP_297A9540,Secretary
TXP_D16E00C4BF,COMP_6E37088D,Director
TXP_7DF90E4821,COMP_BDB7C4C8,CFO
TXP_C618436EFD,COMP_F6A12810,Non-Executive Director
TXP_C62605914D,COMP_49FF1F5E,Secretary
TXP_1ED443874A,COMP_DDCAD214,Director
TXP_0E26666DB2,COMP_9FC0866C,Director
TXP_6FD57CDA62,COMP_E97995F1,Director
TXP_189C2D1AB6,COMP_BB488FEF,Director
TXP_41672C8917,COMP_EF69041D,Non-Executive Director
TXP_D132066A0C,COMP_365C749E,Director
TXP_10E710DCF0,COMP_1ABD876B,Director
TXP_8AECC062E4,COMP_B5A6520D,Director
TXP_AE3BBE2512,COMP_067943C5,Director
TXP_6671A75B34,COMP_0716DBD1,Director
TXP_2754D7F17E,COMP_65E99FF1,CEO
TXP_ABFAD7D904,COMP_F29F0FFA,CEO
TXP_2C2C38F8F7,COMP_517DDA0E,
TXP_9FEE99B347,COMP_D9935F7C,Secretary
TXP_40544E6459,COMP_354BF0B9,Secretary
TXP_94CC732B8B,COMP_9FC0866C,Director
TXP_2CC6E3F25A,COMP_979930C0,Non-Executive Director
TXP_D5FB71A6F1,COMP_2EB96E81,CEO
TXP_A165C6A989,COMP_3100B535,Non-Executive Director
TXP_FA08DF35DC,COMP_CC3949C1,Non-Executive Director
TXP_76A731F1DD,COMP_B7AACCA6,Non-Executive Director
TXP_3CC5A57399,COMP_E0FCF263,Non-Executive Director
TXP_BFF2D95B39,COMP_C03FFF83,Secretary
TXP_A165C6A989,COMP_927E6D08,Non-Executive Director
TXP_216CC28347,COMP_00D31C67,Director
TXP_67B4C3D1F1,COMP_CE0C500F,Director
TXP_803BA50DE4,COMP_55E0D5BA,Non-Executive Director
TXP_46487410DF,COMP_B26FC859,Director
TXP_6897A2C242,COMP_9FDAB897,Director
TXP_0A8C44E779,COMP_6F1F4E94,Director
TXP_DE7EFDCB67,COMP_ABE5F4E4,Director
TXP_3B224569D8,COMP_2133CDCD,Director
TXP_3E9E0E3961,COMP_B127B0B3,Director
TXP_CF4DC8AD0C,COMP_03042757,Non-Executive Director
TXP_340E18B1FA,COMP_0AAB7126,CFO
TXP_AA9366057B,COMP_377C1C16,CEO
TXP_0F72D4B6CD,COMP_F858156D,CEO
TXP_CF4DC8AD0C,COMP_312D2F33,CEO
TXP_2F3012DA0E,COMP_72BC4AAC,
TXP_A4CAC630B9,COMP_C1C4439F,Director
TXP_52532A8430,COMP_0E92C2FA,Director
TXP_AC30912673,COMP_6F622EFA,Director
TXP_C83BB34B11,COMP_C643AB30,Non-Executive Director
TXP_C62C527ECE,COMP_348E44A5,Director
TXP_FFBC90FB27,COMP_21318D5A,Director
TXP_B4A781CB06,COMP_84CC29F7,Secretary
TXP_13D2EB91DB,COMP_E5FC0944,Director
TXP_8FD20141DC,COMP_48197C6F,Director
TXP_552BAAB60A,COMP_A4629260,CEO
TXP_7BC3D562F7,COMP_0DD8A442,Director
TXP_9B8DCF94AD,COMP_2293492F,Director
TXP_779B07C890,COMP_F43B3D4A,Director
TXP_552BAAB60A,COMP_9F6A75FD,Non-Executive Director
TXP_0C38DB1531,COMP_0633D96F,Director
TXP_710BC93B5A,COMP_02144BDD,CEO
TXP_152A16C3B5,COMP_ECC61A39,Director
TXP_6FEDF9125F,COMP_818AF66E,Director
TXP_56C756164D,COMP_BA50A54E,Director
TXP_C67F3C03A2,COMP_C73EF007,Non-Executive Director
TXP_74B075F2B5,COMP_2ACB1046,CEO
TXP_AAE188EB16,COMP_730EFFF1,Director
TXP_A1921B2D43,COMP_A2C56B2E,Director
TXP_33A92C1C90,COMP_6C6BED48,Director
TXP_19102D5BA1,COMP_33BF433F,CFO
TXP_3CC5A57399,COMP_A991CBC4,Director
TXP_C654E61628,COMP_4892BAA6,Non-Executive Director
TXP_10E0D38822,COMP_64A32952,Director
TXP_0587D2E431,COMP_F5B3EC7D,Non-Executive Director
TXP_3608B357F9,COMP_2B4F9CC9,CEO
TXP_453F2C8809,COMP_E7B05966,Non-Executive Director
TXP_1739373F01,COMP_0F18AFD1,CFO
TXP_BC9361EFAE,COMP_92502BEE,Non-Executive Director
TXP_BFF88749C9,COMP_610419A2,CFO
TXP_47F306998F,COMP_9612B022,Secretary
TXP_E5C404BC3A,COMP_B55BAF1A,Non-Executive Director
TXP_D791C0C22F,COMP_E023956E,CEO
TXP_3A6FD91695,COMP_11F14C51,Director
TXP_1ED443874A,COMP_55E0D5BA,Director
TXP_8E228D7BEE,COMP_92F90B64,Director
TXP_D5FB71A6F1,COMP_B33FA6C5,Director
TXP_C186C7C63C,COMP_816208DE,CFO
TXP_C9C9A0B5A4,COMP_7F4D5A59,Director
TXP_C06173AA49,COMP_4117E662,Director
TXP_B2A3D5C4E2,COMP_60484E7C,Director
TXP_056D4DB40E,COMP_31B915B6,Non-Executive Director
TXP_FF6D2286A5,COMP_31479113,Secretary
TXP_E7EB05D979,COMP_8082B4CB,Non-Executive Director
TXP_813778CDB9,COMP_6E37088D,Secretary
TXP_4008B3E278,COMP_788F0664,Director
TXP_023DFEE9C2,COMP_AA21558D,CFO
TXP_D2ABAB73F3,COMP_9612B022,Director
TXP_9F8725B62B,COMP_F4A60B9A,Director
TXP_74B3E56EDD,COMP_5599A39A,CEO
TXP_2F3012DA0E,COMP_A2316700,Director
TXP_0E3335993B,COMP_451AC6CC,Secretary
TXP_30D8E02020,COMP_B2E27B09,Director
TXP_EBAD0AC226,COMP_2B267E0A,Director
TXP_8F667D6355,COMP_926E76CA,Director
TXP_86565261A0,COMP_D73CB8FA,Secretary
TXP_0B987C356B,COMP_B1BFE05E,Director
TXP_64D26552C8,COMP_451AC6CC,Non-Executive Director
TXP_6DFE30FC2C,COMP_470F2169,Secretary
TXP_BF49AA3DC6,COMP_E6B56FA1,Secretary
TXP_52532A8430,COMP_5F136766,Director
TXP_1A6D89F56F,COMP_010A4CB1,Director
TXP_3B3A4AE4F3,COMP_2CB89658,CEO
TXP_AA9366057B,COMP_C86D10C6,Director
TXP_39CC66C0B8,COMP_4F15AE0D,CFO
TXP_E7DF0D5F7B,COMP_4980F126,Director
TXP_0EA58FD33F,COMP_72FEA10B,Director
TXP_E72E823EED,COMP_C685ABDD,Director
TXP_471C8A2AB7,COMP_D4795B0D,Director
TXP_FF6D2286A5,COMP_04768DB4,Secretary
TXP_80E1E5AE82,COMP_372D5F80,Non-Executive Director
TXP_97587AE085,COMP_469C8E16,Director
TXP_5A9E02F49C,COMP_D98DBF6E,CFO
TXP_CE453E23D8,COMP_C84E5285,CEO
TXP_2AB25D6C8F,COMP_AE8494AE,Director
TXP_47F306998F,COMP_6AEEED3F,Director
TXP_2C2C38F8F7,COMP_2C842D5D,Director
TXP_9382B40242,COMP_8C12435A,Non-Executive Director
TXP_0320547214,COMP_D0E53D0B,Secretary
TXP_506203832C,COMP_CC36F65B,Director
TXP_DC4AB00BEE,COMP_276FD1B1,Secretary
TXP_311B65B742,COMP_C90D6171,CFO
TXP_4E13C535B8,COMP_A003E877,Non-Executive Director
TXP_901CA9AF94,COMP_70BE572C,Non-Executive Director
TXP_99A11DC793,COMP_D63BD836,Director
TXP_EBBB725C77,COMP_E48D2158,Director
TXP_1ABB8100C8,COMP_860FC875,CFO
TXP_97A47F2D02,COMP_DB83F70C,Secretary
TXP_3082F0A5AD,COMP_E411E376,Non-Executive Director
TXP_370CCFFB9A,COMP_727C575C,Director
TXP_6091E75452,COMP_61B26705,Secretary
TXP_F815D4E895,COMP_AE3C6B9F,Non-Executive Director
TXP_BA424EFA85,COMP_2E7E2224,Non-Executive Director
TXP_8856734403,COMP_FF49A5D9,Non-Executive Director
TXP_7FD2D48C20,COMP_2BB650C0,CFO
TXP_5A9E02F49C,COMP_93AE7698,Director
TXP_74B075F2B5,COMP_C73EF007,Director
TXP_A4CAC630B9,COMP_E43537A5,CEO
TXP_DAC6016448,COMP_AAC90824,Director
TXP_EBAD0AC226,COMP_0B7A6D0D,CFO
TXP_F1B6428433,COMP_A003E877,Director
TXP_EDE0B04C3B,COMP_EA7DA118,Secretary
TXP_E5C404BC3A,COMP_896B52EA,CEO
TXP_EA6FF5682B,COMP_381EC9CC,Non-Executive Director
TXP_9E8E76965A,COMP_53DD3E97,Non-Executive Director
TXP_C148A39AC6,COMP_3B3D3431,Director
TXP_E613590AB8,COMP_9370FD17,Director
TXP_6D99D730B9,COMP_77732DBE,CEO
TXP_A1C3E4020B,COMP_0606CFF6,CEO
TXP_676E60ED9C,COMP_2ACB1046,Director
TXP_DCB808E4B9,COMP_92F90B64,CEO
TXP_E376A06138,COMP_6F95837E,Director
TXP_B5DF378C27,COMP_6DD34499,Non-Executive Director
TXP_8FD20141DC,COMP_2A48DF8A,Director
TXP_CDFD7C242B,COMP_5AA06A1F,Director
TXP_AE81203B4F,COMP_C84E5285,Director
TXP_A34CF53D43,COMP_150F90BA,Non-Executive Director
TXP_8048AA6DFD,COMP_FA3BFC66,Non-Executive Director
TXP_7F01ECAEC2,COMP_50ED3C53,Non-Executive Director
TXP_FCD38581F3,COMP_4995C308,Director
TXP_83E8833D61,COMP_1005B570,Director
TXP_027CFF418D,COMP_150F90BA,Director
TXP_A16D34AF04,COMP_5702F92A,CEO
TXP_0859E0C3E3,COMP_B0B3DD77,CFO
TXP_2C300646A2,COMP_FD23C19F,CEO
TXP_216CC28347,COMP_A1678C82,Director
TXP_62AB9E0D99,COMP_E83DDCAD,CEO
TXP_4008B3E278,COMP_1B7BB17E,Director
TXP_CAA0F3AA6C,COMP_B7032D9B,Non-Executive Director
TXP_A210D41D8E,COMP_EA5F2DCF,Secretary
TXP_309F2DC2A9,COMP_12F0294F,Director
TXP_278CAA31CA,COMP_4665AF42,Non-Executive Director
TXP_4C36475B92,COMP_9271E44D,Director
TXP_083864A8C7,COMP_FADB2AF1,Director
TXP_3E9E0E3961,COMP_ECA2E3D0,Director
TXP_17594897B0,COMP_D98DBF6E,Non-Executive Director
TXP_0B987C356B,COMP_E0E91E52,Director
TXP_FFE76510AD,COMP_9CE5D3F0,Director
TXP_FFD91288B0,COMP_689F5D21,CFO
TXP_B308976CF1,COMP_EF880BCF,CFO
TXP_CAA0F3AA6C,COMP_FAF0DC63,CEO
TXP_DCB808E4B9,COMP_451AC6CC,Non-Executive Director
TXP_5CF11CA5E7,COMP_2FB17080,CEO
TXP_B8332A5B90,COMP_6ACEEA32,Non-Executive Director
TXP_AEB12EC68B,COMP_D9935F7C,Director
TXP_134C625FE2,COMP_CD77F9EC,Director
TXP_20EFE5AA95,COMP_E97995F1,Secretary
TXP_BF76B8BF38,COMP_E26CAE7A,Secretary
TXP_D10013EA9E,COMP_489488CE,CFO
TXP_86F4E15BF1,COMP_89B6DEFF,CEO
TXP_98A1CC4587,COMP_75021014,Non-Executive Director
TXP_5AD057B749,COMP_8C653AF4,Director
TXP_E9E8C51D81,COMP_54CE70CB,Non-Executive Director
TXP_6879250A98,COMP_DD2873A9,Director
TXP_E72E823EED,COMP_D4AB38B1,Director
TXP_3ED396BBB9,COMP_41B25CA1,Secretary
TXP_FFF28D73F0,COMP_AF101819,Director
TXP_5AD057B749,COMP_04973AA9,Non-Executive Director
TXP_E3AA185215,COMP_31479113,Non-Executive Director
TXP_B2A3D5C4E2,COMP_402E1137,Director
TXP_5F4D7D1691,COMP_E25F583B,Director
TXP_DCDF808A13,COMP_8B189638,Director
TXP_C186C7C63C,COMP_80FEBC9E,Director
TXP_FFBC90FB27,COMP_ECA2E3D0,Director
TXP_464C3682D2,COMP_FD4D9D65,Director
TXP_2D1F25FF47,COMP_1AA8711D,CEO
TXP_83D090F18E,COMP_77732DBE,Non-Executive Director
TXP_B040ED198F,COMP_B7032D9B,Director
TXP_86F4E15BF1,COMP_9DD17F74,CFO
TXP_51635D6CC2,COMP_2348411F,Non-Executive Director
TXP_F5F94AEA5E,COMP_8CDD12B7,Director
TXP_BF470ECB7E,COMP_9702E025,Secretary
TXP_B8332A5B90,COMP_5C47CEDF,
TXP_D40D195391,COMP_771DD31C,Non-Executive Director
TXP_E95EED022D,COMP_F26E53D0,Non-Executive Director
TXP_442F8DC1BD,COMP_B559BDE3,Director
TXP_552BAAB60A,COMP_CB7456D2,CFO
TXP_EC2C14367A,COMP_6F686D02,Director
TXP_9F72BC4CE8,COMP_644F27AA,Non-Executive Director
TXP_C2CCDA92BA,COMP_2C7E7C7F,CEO
TXP_62AB9E0D99,COMP_50ED3C53,
TXP_50E9D1A775,COMP_0AD2F444,Non-Executive Director
TXP_90D93B08A9,COMP_194E191F,CFO
TXP_7B46F82BB6,COMP_93A1B1B7,CEO
TXP_40D3EA7884,COMP_C953DA62,Secretary
TXP_C186C7C63C,COMP_5F6087D7,Director
TXP_0789F7D30D,COMP_4DBFE1D0,Director
TXP_F132F4831B,COMP_80FEBC9E,Director
TXP_C0AA9394A3,COMP_3542519A,Non-Executive Director
TXP_E094D72908,COMP_F237757B,Director
TXP_DE5AA1CCD6,COMP_894D6B69,CEO
TXP_38964BB583,COMP_6FFE8C43,Director
TXP_8AECC062E4,COMP_DCEFEC97,Director
TXP_535BE79A52,COMP_F01DD94C,Director
TXP_386B91D37A,COMP_B362D667,Director
TXP_A94CA87A33,COMP_E859706C,Director
TXP_093F050020,COMP_2E782946,Director
TXP_39EF66FA24,COMP_A02D652E,Director
TXP_1B5D0B6EAD,COMP_D9B03DA6,Director
TXP_A7DFF0C9CE,COMP_D2B3CB0E,Non-Executive Director
TXP_67064E1E5D,COMP_039C0137,Director
TXP_2C930F2B1D,COMP_B04F5F6F,CEO
TXP_83E8833D61,COMP_D45B2A0D,Director
TXP_05787A3D07,COMP_4E23BBEA,Director
TXP_76A731F1DD,COMP_927E6D08,Non-Executive Director
TXP_BDA6FD2D28,COMP_E25F583B,Director
TXP_1B5D0B6EAD,COMP_E26CAE7A,Director
TXP_46C9C02F77,COMP_B1EF06FD,CEO
TXP_3082F0A5AD,COMP_ECA2E3D0,Director
TXP_EC22DA36AC,COMP_C18D1552,Director
TXP_A70FEE3CEF,COMP_95E0E55A,Director
TXP_A27E47A3FB,COMP_63650473,Director
TXP_3258FD5857,COMP_B3634E96,Director
TXP_9DD2C41E49,COMP_470F2169,Director
TXP_464C3682D2,COMP_31479113,Director
TXP_6C4BA9C67C,COMP_DB83F70C,Director
TXP_FFD91288B0,COMP_12A71758,Director
TXP_98A1CC4587,COMP_6F686D02,Non-Executive Director
TXP_5F4D7D1691,COMP_610419A2,CFO
TXP_B0413E51C8,COMP_CCFC28DD,Director
TXP_D16E00C4BF,COMP_54DE50A6,Director
TXP_884CF9A7A0,COMP_D149F389,Non-Executive Director
TXP_53047BCAC7,COMP_2F9BD17F,Non-Executive Director
TXP_D791C0C22F,COMP_6F95837E,Non-Executive Director
TXP_E2D4A8E8C7,COMP_13E207A3,Director
TXP_21AB421CE8,COMP_C1E91699,Non-Executive Director
TXP_676E60ED9C,COMP_39989272,Director
TXP_95F7AD03D8,COMP_1317D6F2,Director
TXP_5A1B061D11,COMP_788F0664,CEO
TXP_4DECE0B45E,COMP_312D2F33,Director
TXP_6D05DE1487,COMP_60484E7C,Director
TXP_54280C992B,COMP_6F1F4E94,CFO
TXP_BEBD6B0C5B,COMP_31479113,Secretary
TXP_BE7DE2BDCE,COMP_894D6B69,Non-Executive Director
TXP_F77CA33AD0,COMP_4A41ED51,Director
TXP_FE3B3AC0E5,COMP_C0DCB3C1,Director
TXP_C0A3C3AD7E,COMP_1AA8711D,Director
TXP_A7DC5DD6BD,COMP_0606CFF6,Non-Executive Director
TXP_F104E077AE,COMP_4D250E46,Director
TXP_FFBC90FB27,COMP_F0603597,Director
TXP_37C0F2D70C,COMP_9CCE51F0,Non-Executive Director
TXP_D3C4BEFEDC,COMP_267E861B,Secretary
TXP_DD237E3C70,COMP_D6BC7966,CFO
TXP_EB58EBC840,COMP_6F1F4E94,Director
TXP_E26797B63D,COMP_010A4CB1,Director
TXP_EC840489F7,COMP_8F66202F,CFO
TXP_51635D6CC2,COMP_348E44A5,Secretary
TXP_AE81203B4F,COMP_60484E7C,Director
TXP_D777F2807B,COMP_881C30AD,Non-Executive Director
TXP_C6EA3FAB5F,COMP_E73E2C47,Director
TXP_43E4DB8A6E,COMP_C1377D8D,Director
TXP_85617BF19A,COMP_19925E1A,Director
TXP_C3BB417779,COMP_49FF1F5E,Director
TXP_83F4F90C03,COMP_95C9FFA2,Director
TXP_93619EDF2E,COMP_00D31C67,Director
TXP_08FC468AB7,COMP_75FAD5B7,Director
TXP_7E27209E27,COMP_DCEFEC97,Director
TXP_DB227CDCF6,COMP_6F270F94,Secretary
TXP_03E70EA6BB,COMP_04973AA9,Director
TXP_F5F94AEA5E,COMP_0EE1C6EB,CEO
TXP_D5CB539ECE,COMP_9CCE51F0,Non-Executive Director
TXP_ED024D071E,COMP_4CAB4528,Non-Executive Director
TXP_B1BCBB4D11,COMP_6128CE4F,Director
TXP_67064E1E5D,COMP_1905301A,Director
TXP_D9B60EC37A,COMP_2293492F,Director
TXP_BDA6FD2D28,COMP_7E94EB17,Director
TXP_6BFE556D2A,COMP_6F622EFA,Director
TXP_BFF88749C9,COMP_26CD0231,Director
TXP_46487410DF,COMP_F6583A0D,Non-Executive Director
TXP_E8B6916EA1,COMP_6B07EAF0,Director
TXP_AC3478D1CE,COMP_692B0C8C,CEO
TXP_07E9B9D6BD,COMP_DB83F70C,Director
TXP_E275C27516,COMP_DAD803F6,Non-Executive Director
TXP_278CAA31CA,COMP_109B7ABA,Director
TXP_6671A75B34,COMP_BF764DFC,Director
TXP_6D99D730B9,COMP_321BEDA7,Director
TXP_5D57EDE831,COMP_636D7F6B,Non-Executive Director
TXP_B2A3D5C4E2,COMP_E27B1DD7,Director
TXP_FFD91288B0,COMP_B04F5F6F,Director
TXP_41672C8917,COMP_DC962B71,Director
TXP_27D26ED398,COMP_CC538142,Secretary
TXP_C679EFB56E,COMP_D41A2072,Director
TXP_8856734403,COMP_A78A9D59,Non-Executive Director
TXP_161F3364B2,COMP_22A56CF7,Director
TXP_A92B2C2C3D,COMP_89898738,Director
TXP_CDFD7C242B,COMP_D149F389,Non-Executive Director
TXP_278CAA31CA,COMP_BA39177D,Director
TXP_FD724F94CE,COMP_1CE1D100,Non-Executive Director
TXP_CA72F5D206,COMP_DCEFEC97,Director
TXP_3CC5A57399,COMP_3FF1C979,Director
TXP_84E8C53405,COMP_DCEFEC97,Secretary
TXP_3AA31B527C,COMP_EB093CD3,
TXP_A1B693687E,COMP_6C046EB8,Director
TXP_2ABE4CCB3D,COMP_2DE324A4,Non-Executive Director
TXP_0789F7D30D,COMP_606943B4,Non-Executive Director
TXP_EDFCDA8AEA,COMP_53CDC568,Non-Executive Director
TXP_BE7DE2BDCE,COMP_3542519A,CEO
TXP_578727C71C,COMP_839F3567,Secretary
TXP_FCEF8CBB35,COMP_213DEA59,Secretary
TXP_8AD2962F81,COMP_B1EF06FD,Director
TXP_AAE188EB16,COMP_CB7456D2,Director
TXP_45983473FB,COMP_9DF387DD,Non-Executive Director
TXP_8D6607AF7F,COMP_451AC6CC,Non-Executive Director
TXP_2709A9D6C5,COMP_07DE36AE,Secretary
TXP_C5DF110008,COMP_6EFF1BA3,Director
TXP_AD17DF7E80,COMP_C1B96B39,Non-Executive Director
TXP_50E28F6F36,COMP_0EE1C6EB,Director
TXP_D0D629179C,COMP_A1678C82,CEO
TXP_C257D47EB4,COMP_821E29EF,Director
TXP_82CF1C089B,COMP_291644D8,Director
TXP_C0A3C3AD7E,COMP_469C8E16,Director
TXP_C618436EFD,COMP_55A53556,Director
TXP_DAC6016448,COMP_470F2169,CEO
TXP_544FB77ECD,COMP_CA61E381,
TXP_8856734403,COMP_3FC8F81A,Secretary
TXP_8F0B1A409E,COMP_A14EEEC2,Director
TXP_D1FAFB10DA,COMP_680640BB,Director
TXP_EA6FF5682B,COMP_2DBAD91C,CEO
TXP_11484A22F3,COMP_CF4C677B,CEO
TXP_E841F1387E,COMP_4AA435C5,CFO
TXP_6BABBD7422,COMP_32CF71EC,Non-Executive Director
TXP_8048AA6DFD,COMP_1210A502,Director
TXP_D58BDCBBB6,COMP_72272A5A,CEO
TXP_74B3E56EDD,COMP_D4795B0D,CFO
TXP_023BB6E526,COMP_866DF20F,CFO
TXP_64D26552C8,COMP_EDE21428,Secretary
TXP_B68BC6AAAE,COMP_0EE1C6EB,Director
TXP_567869C4F8,COMP_BA39177D,Director
TXP_153D9D90F7,COMP_C1366C9C,Secretary
TXP_E5C404BC3A,COMP_8C3127B5,Director
TXP_CC1CC124AC,COMP_9D8D7219,CFO
TXP_FCEF8CBB35,COMP_A9AA3143,Director
TXP_AA9366057B,COMP_B7AACCA6,Director
TXP_083864A8C7,COMP_6A672679,Director
TXP_6FD57CDA62,COMP_2ACB1046,Director
TXP_BFF2D95B39,COMP_109EDF80,Secretary
TXP_8AD2962F81,COMP_55BC1754,Secretary
TXP_3ED396BBB9,COMP_B535F9B6,Director
TXP_20EFE5AA95,COMP_9BFDC85B,Non-Executive Director
TXP_43E4DB8A6E,COMP_DAD803F6,Director
TXP_ACFE1AE96B,COMP_43CACA4B,Director
TXP_EEEC359FE1,COMP_E8B87D00,Non-Executive Director
TXP_0DD65B200F,COMP_1CE1D100,Secretary
TXP_C618436EFD,COMP_150DF2E8,CFO
TXP_D120CE4626,COMP_80A72778,Director
TXP_B5DF378C27,COMP_F02F703A,Director
TXP_04E7992583,COMP_B78BD8EB,CFO
TXP_41672C8917,COMP_381EC9CC,Director
TXP_40544E6459,COMP_2FBA7F58,Director
TXP_195DF3D539,COMP_9E2F3290,CEO
TXP_D40D195391,COMP_9370FD17,Non-Executive Director
TXP_9F8725B62B,COMP_A835445A,Director
TXP_A73C9061A0,COMP_D9B03DA6,Non-Executive Director
TXP_813778CDB9,COMP_2E782946,Non-Executive Director
TXP_EE8CCC6477,COMP_DC962B71,CEO
TXP_2FFB70B582,COMP_106F7778,Director
